date,year,name,isholiday,holidaycategory,description
20180101,2018,中華民國開國紀念日,是,放假之紀念日及節日,全國各機關學校放假一日
20180106,2018,,是,星期六、星期日,
20180107,2018,,是,星期六、星期日,
20180113,2018,,是,星期六、星期日,
20180114,2018,,是,星期六、星期日,
20180120,2018,,是,星期六、星期日,
20180121,2018,,是,星期六、星期日,
20180127,2018,,是,星期六、星期日,
20180128,2018,,是,星期六、星期日,
20180203,2018,,是,星期六、星期日,
20180204,2018,,是,星期六、星期日,
20180210,2018,,是,星期六、星期日,
20180211,2018,,是,星期六、星期日,
20180215,2018,農曆除夕,是,放假之紀念日及節日,全國各機關學校放假一日。
20180216,2018,春節,是,放假之紀念日及節日,全國各機關學校於二月十六日至二月十八日放假三日，其中春節初二、初三適逢星期六、日，分別於二月十九日及二月二十日各補假一日。
20180217,2018,春節,是,放假之紀念日及節日,全國各機關學校於二月十六日至二月十八日放假三日，其中春節初二、初三適逢星期六、日，分別於二月十九日及二月二十日各補假一日。
20180218,2018,春節,是,放假之紀念日及節日,全國各機關學校於二月十六日至二月十八日放假三日，其中春節初二、初三適逢星期六、日，分別於二月十九日及二月二十日各補假一日。
20180219,2018,,是,補假,
20180220,2018,,是,補假,
20180224,2018,,是,星期六、星期日,
20180225,2018,,是,星期六、星期日,
20180228,2018,和平紀念日,是,放假之紀念日及節日,全國各機關學校放假一日。
20180303,2018,,是,星期六、星期日,
20180304,2018,,是,星期六、星期日,
20180310,2018,,是,星期六、星期日,
20180311,2018,,是,星期六、星期日,
20180317,2018,,是,星期六、星期日,
20180318,2018,,是,星期六、星期日,
20180324,2018,,是,星期六、星期日,
20180325,2018,,是,星期六、星期日,
20180331,2018,,否,補行上班日,
20180401,2018,,是,星期六、星期日,
20180404,2018,兒童節,是,放假之紀念日及節日,全國各機關學校放假一日。
20180405,2018,民族掃墓節（清明節）,是,放假之紀念日及節日,全國各機關學校放假一日，適逢星期四，調整四月六日為放假日，並於三月三十一日補行上班一日。
20180406,2018,,是,調整放假日,
20180407,2018,,是,星期六、星期日,
20180408,2018,,是,星期六、星期日,
20180414,2018,,是,星期六、星期日,
20180415,2018,,是,星期六、星期日,
20180421,2018,,是,星期六、星期日,
20180422,2018,,是,星期六、星期日,
20180428,2018,,是,星期六、星期日,
20180429,2018,,是,星期六、星期日,
20180501,2018,勞動節,是,特定節日,勞工放假一日。
20180505,2018,,是,星期六、星期日,
20180506,2018,,是,星期六、星期日,
20180512,2018,,是,星期六、星期日,
20180513,2018,,是,星期六、星期日,
20180519,2018,,是,星期六、星期日,
20180520,2018,,是,星期六、星期日,
20180526,2018,,是,星期六、星期日,
20180527,2018,,是,星期六、星期日,
20180602,2018,,是,星期六、星期日,
20180603,2018,,是,星期六、星期日,
20180609,2018,,是,星期六、星期日,
20180610,2018,,是,星期六、星期日,
20180616,2018,,是,星期六、星期日,
20180617,2018,,是,星期六、星期日,
20180618,2018,端午節,是,放假之紀念日及節日,全國各機關學校放假一日。
20180623,2018,,是,星期六、星期日,
20180624,2018,,是,星期六、星期日,
20180630,2018,,是,星期六、星期日,
20180701,2018,,是,星期六、星期日,
20180707,2018,,是,星期六、星期日,
20180708,2018,,是,星期六、星期日,
20180714,2018,,是,星期六、星期日,
20180715,2018,,是,星期六、星期日,
20180721,2018,,是,星期六、星期日,
20180722,2018,,是,星期六、星期日,
20180728,2018,,是,星期六、星期日,
20180729,2018,,是,星期六、星期日,
20180804,2018,,是,星期六、星期日,
20180805,2018,,是,星期六、星期日,
20180811,2018,,是,星期六、星期日,
20180812,2018,,是,星期六、星期日,
20180818,2018,,是,星期六、星期日,
20180819,2018,,是,星期六、星期日,
20180825,2018,,是,星期六、星期日,
20180826,2018,,是,星期六、星期日,
20180901,2018,,是,星期六、星期日,
20180902,2018,,是,星期六、星期日,
20180903,2018,軍人節,是,特定節日,軍人依國防部規定辦理。
20180908,2018,,是,星期六、星期日,
20180909,2018,,是,星期六、星期日,
20180915,2018,,是,星期六、星期日,
20180916,2018,,是,星期六、星期日,
20180922,2018,,是,星期六、星期日,
20180923,2018,,是,星期六、星期日,
20180924,2018,中秋節,是,放假之紀念日及節日,全國各機關學校放假一日。
20180929,2018,,是,星期六、星期日,
20180930,2018,,是,星期六、星期日,
20181006,2018,,是,星期六、星期日,
20181007,2018,,是,星期六、星期日,
20181010,2018,國慶日,是,放假之紀念日及節日,全國各機關學校放假一日。
20181013,2018,,是,星期六、星期日,
20181014,2018,,是,星期六、星期日,
20181020,2018,,是,星期六、星期日,
20181021,2018,,是,星期六、星期日,
20181027,2018,,是,星期六、星期日,
20181028,2018,,是,星期六、星期日,
20181103,2018,,是,星期六、星期日,
20181104,2018,,是,星期六、星期日,
20181110,2018,,是,星期六、星期日,
20181111,2018,,是,星期六、星期日,
20181117,2018,,是,星期六、星期日,
20181118,2018,,是,星期六、星期日,
20181124,2018,,是,星期六、星期日,
20181125,2018,,是,星期六、星期日,
20181201,2018,,是,星期六、星期日,
20181202,2018,,是,星期六、星期日,
20181208,2018,,是,星期六、星期日,
20181209,2018,,是,星期六、星期日,
20181215,2018,,是,星期六、星期日,
20181216,2018,,是,星期六、星期日,
20181222,2018,,否,補行上班日,
20181223,2018,,是,星期六、星期日,
20181229,2018,,是,星期六、星期日,
20181230,2018,,是,星期六、星期日,
20181231,2018,,是,調整放假日,
20190101,2019,中華民國開國紀念日,是,放假之紀念日及節日,全國各機關學校放假一日。
20190105,2019,,是,星期六、星期日,
20190106,2019,,是,星期六、星期日,
20190112,2019,,是,星期六、星期日,
20190113,2019,,是,星期六、星期日,
20190119,2019,,否,補行上班日,
20190120,2019,,是,星期六、星期日,
20190126,2019,,是,星期六、星期日,
20190127,2019,,是,星期六、星期日,
20190202,2019,,是,星期六、星期日,
20190203,2019,,是,星期六、星期日,
20190204,2019,農曆除夕,是,放假之紀念日及節日,全國各機關學校放假一日。
20190205,2019,春節,是,放假之紀念日及節日,全國各機關學校於二月五日至二月七日放假三日，其中二月七日適逢星期四，調整二月八日為放假日，並於一月十九日補行上班一日。
20190206,2019,春節,是,放假之紀念日及節日,全國各機關學校於二月五日至二月七日放假三日，其中二月七日適逢星期四，調整二月八日為放假日，並於一月十九日補行上班一日。
20190207,2019,春節,是,放假之紀念日及節日,全國各機關學校於二月五日至二月七日放假三日，其中二月七日適逢星期四，調整二月八日為放假日，並於一月十九日補行上班一日。
20190208,2019,,是,調整放假日,
20190209,2019,,是,星期六、星期日,
20190210,2019,,是,星期六、星期日,
20190216,2019,,是,星期六、星期日,
20190217,2019,,是,星期六、星期日,
20190223,2019,,否,補行上班日,
20190224,2019,,是,星期六、星期日,
20190228,2019,和平紀念日,是,放假之紀念日及節日,全國各機關學校放假一日，適逢星期四，調整三月一日為放假日，並於二月二十三日補行上班一日。
20190301,2019,,是,調整放假日,
20190302,2019,,是,星期六、星期日,
20190303,2019,,是,星期六、星期日,
20190309,2019,,是,星期六、星期日,
20190310,2019,,是,星期六、星期日,
20190316,2019,,是,星期六、星期日,
20190317,2019,,是,星期六、星期日,
20190323,2019,,是,星期六、星期日,
20190324,2019,,是,星期六、星期日,
20190330,2019,,是,星期六、星期日,
20190331,2019,,是,星期六、星期日,
20190404,2019,兒童節,是,放假之紀念日及節日,全國各機關學校放假一日。
20190405,2019,民族掃墓節（清明節）,是,放假之紀念日及節日,全國各機關學校放假一日。
20190406,2019,,是,星期六、星期日,
20190407,2019,,是,星期六、星期日,
20190413,2019,,是,星期六、星期日,
20190414,2019,,是,星期六、星期日,
20190420,2019,,是,星期六、星期日,
20190421,2019,,是,星期六、星期日,
20190427,2019,,是,星期六、星期日,
20190428,2019,,是,星期六、星期日,
20190501,2019,勞動節,是,特定節日,勞工放假一日。
20190504,2019,,是,星期六、星期日,
20190505,2019,,是,星期六、星期日,
20190511,2019,,是,星期六、星期日,
20190512,2019,,是,星期六、星期日,
20190518,2019,,是,星期六、星期日,
20190519,2019,,是,星期六、星期日,
20190525,2019,,是,星期六、星期日,
20190526,2019,,是,星期六、星期日,
20190601,2019,,是,星期六、星期日,
20190602,2019,,是,星期六、星期日,
20190607,2019,端午節,是,放假之紀念日及節日,全國各機關學校放假一日。
20190608,2019,,是,星期六、星期日,
20190609,2019,,是,星期六、星期日,
20190615,2019,,是,星期六、星期日,
20190616,2019,,是,星期六、星期日,
20190622,2019,,是,星期六、星期日,
20190623,2019,,是,星期六、星期日,
20190629,2019,,是,星期六、星期日,
20190630,2019,,是,星期六、星期日,
20190706,2019,,是,星期六、星期日,
20190707,2019,,是,星期六、星期日,
20190713,2019,,是,星期六、星期日,
20190714,2019,,是,星期六、星期日,
20190720,2019,,是,星期六、星期日,
20190721,2019,,是,星期六、星期日,
20190727,2019,,是,星期六、星期日,
20190728,2019,,是,星期六、星期日,
20190803,2019,,是,星期六、星期日,
20190804,2019,,是,星期六、星期日,
20190810,2019,,是,星期六、星期日,
20190811,2019,,是,星期六、星期日,
20190817,2019,,是,星期六、星期日,
20190818,2019,,是,星期六、星期日,
20190824,2019,,是,星期六、星期日,
20190825,2019,,是,星期六、星期日,
20190831,2019,,是,星期六、星期日,
20190901,2019,,是,星期六、星期日,
20190903,2019,軍人節,是,特定節日,軍人依國防部規定辦理。
20190907,2019,,是,星期六、星期日,
20190908,2019,,是,星期六、星期日,
20190913,2019,中秋節,是,放假之紀念日及節日,全國各機關學校放假一日。
20190914,2019,,是,星期六、星期日,
20190915,2019,,是,星期六、星期日,
20190921,2019,,是,星期六、星期日,
20190922,2019,,是,星期六、星期日,
20190928,2019,,是,星期六、星期日,
20190929,2019,,是,星期六、星期日,
20191005,2019,,否,補行上班日,
20191006,2019,,是,星期六、星期日,
20191010,2019,國慶日,是,放假之紀念日及節日,全國各機關學校放假一日，適逢星期四，調整十月十一日為放假日，並於十月五日補行上班一日。
20191011,2019,,是,調整放假日,
20191012,2019,,是,星期六、星期日,
20191013,2019,,是,星期六、星期日,
20191019,2019,,是,星期六、星期日,
20191020,2019,,是,星期六、星期日,
20191026,2019,,是,星期六、星期日,
20191027,2019,,是,星期六、星期日,
20191102,2019,,是,星期六、星期日,
20191103,2019,,是,星期六、星期日,
20191109,2019,,是,星期六、星期日,
20191110,2019,,是,星期六、星期日,
20191116,2019,,是,星期六、星期日,
20191117,2019,,是,星期六、星期日,
20191123,2019,,是,星期六、星期日,
20191124,2019,,是,星期六、星期日,
20191130,2019,,是,星期六、星期日,
20191201,2019,,是,星期六、星期日,
20191207,2019,,是,星期六、星期日,
20191208,2019,,是,星期六、星期日,
20191214,2019,,是,星期六、星期日,
20191215,2019,,是,星期六、星期日,
20191221,2019,,是,星期六、星期日,
20191222,2019,,是,星期六、星期日,
20191228,2019,,是,星期六、星期日,
20191229,2019,,是,星期六、星期日,
20200101,2020,中華民國開國紀念日,是,放假之紀念日及節日,全國各機關學校放假一日。
20200104,2020,,是,星期六、星期日,
20200105,2020,,是,星期六、星期日,
20200111,2020,,是,星期六、星期日,
20200112,2020,,是,星期六、星期日,
20200118,2020,,是,星期六、星期日,
20200119,2020,,是,星期六、星期日,
20200123,2020,,是,調整放假日,
20200124,2020,農曆除夕,是,放假之紀念日及節日,全國各機關學校放假一日，前一日(一月二十三日)功能性調整放假，並於二月十五日補行上班一日。
20200125,2020,春節,是,放假之紀念日及節日,全國各機關學校於一月二十五日至一月二十七日放假三日，其中春節初一、初二適逢星期六、日，分別於一月二十八日及一月二十九日各補假一日。
20200126,2020,春節,是,放假之紀念日及節日,全國各機關學校於一月二十五日至一月二十七日放假三日，其中春節初一、初二適逢星期六、日，分別於一月二十八日及一月二十九日各補假一日。
20200127,2020,春節,是,放假之紀念日及節日,全國各機關學校於一月二十五日至一月二十七日放假三日，其中春節初一、初二適逢星期六、日，分別於一月二十八日及一月二十九日各補假一日。
20200128,2020,,是,補假,
20200129,2020,,是,補假,
20200201,2020,,是,星期六、星期日,
20200202,2020,,是,星期六、星期日,
20200208,2020,,是,星期六、星期日,
20200209,2020,,是,星期六、星期日,
20200215,2020,,否,補行上班日,
20200216,2020,,是,星期六、星期日,
20200222,2020,,是,星期六、星期日,
20200223,2020,,是,星期六、星期日,
20200228,2020,和平紀念日,是,放假之紀念日及節日,全國各機關學校放假一日。
20200229,2020,,是,星期六、星期日,
20200301,2020,,是,星期六、星期日,
20200307,2020,,是,星期六、星期日,
20200308,2020,,是,星期六、星期日,
20200314,2020,,是,星期六、星期日,
20200315,2020,,是,星期六、星期日,
20200321,2020,,是,星期六、星期日,
20200322,2020,,是,星期六、星期日,
20200328,2020,,是,星期六、星期日,
20200329,2020,,是,星期六、星期日,
20200402,2020,,是,補假,
20200403,2020,,是,放假之紀念日及節日,
20200404,2020,兒童節、民族掃墓節（清明節）,是,放假之紀念日及節日,全國各機關學校放假一日，兒童節與民族掃墓節同一日且逢星期六，於四月二日補假一日、四月三日放假一日。
20200405,2020,,是,星期六、星期日,
20200411,2020,,是,星期六、星期日,
20200412,2020,,是,星期六、星期日,
20200418,2020,,是,星期六、星期日,
20200419,2020,,是,星期六、星期日,
20200425,2020,,是,星期六、星期日,
20200426,2020,,是,星期六、星期日,
20200501,2020,勞動節,是,特定節日,勞工放假一日。
20200502,2020,,是,星期六、星期日,
20200503,2020,,是,星期六、星期日,
20200509,2020,,是,星期六、星期日,
20200510,2020,,是,星期六、星期日,
20200516,2020,,是,星期六、星期日,
20200517,2020,,是,星期六、星期日,
20200523,2020,,是,星期六、星期日,
20200524,2020,,是,星期六、星期日,
20200530,2020,,是,星期六、星期日,
20200531,2020,,是,星期六、星期日,
20200606,2020,,是,星期六、星期日,
20200607,2020,,是,星期六、星期日,
20200613,2020,,是,星期六、星期日,
20200614,2020,,是,星期六、星期日,
20200620,2020,,否,補行上班日,
20200621,2020,,是,星期六、星期日,
20200625,2020,端午節,是,放假之紀念日及節日,全國各機關學校放假一日，適逢星期四，調整六月二十六日為放假日，並於六月二十日補行上班一日。
20200626,2020,,是,調整放假日,
20200627,2020,,是,星期六、星期日,
20200628,2020,,是,星期六、星期日,
20200704,2020,,是,星期六、星期日,
20200705,2020,,是,星期六、星期日,
20200711,2020,,是,星期六、星期日,
20200712,2020,,是,星期六、星期日,
20200718,2020,,是,星期六、星期日,
20200719,2020,,是,星期六、星期日,
20200725,2020,,是,星期六、星期日,
20200726,2020,,是,星期六、星期日,
20200801,2020,,是,星期六、星期日,
20200802,2020,,是,星期六、星期日,
20200808,2020,,是,星期六、星期日,
20200809,2020,,是,星期六、星期日,
20200815,2020,,是,星期六、星期日,
20200816,2020,,是,星期六、星期日,
20200822,2020,,是,星期六、星期日,
20200823,2020,,是,星期六、星期日,
20200829,2020,,是,星期六、星期日,
20200830,2020,,是,星期六、星期日,
20200903,2020,軍人節,是,特定節日,軍人依國防部規定辦理。
20200905,2020,,是,星期六、星期日,
20200906,2020,,是,星期六、星期日,
20200912,2020,,是,星期六、星期日,
20200913,2020,,是,星期六、星期日,
20200919,2020,,是,星期六、星期日,
20200920,2020,,是,星期六、星期日,
20200926,2020,,否,補行上班日,
20200927,2020,,是,星期六、星期日,
20201001,2020,中秋節,是,放假之紀念日及節日,全國各機關學校放假一日，適逢星期四，調整十月二日為放假日，並於九月二十六日補行上班一日。
20201002,2020,,是,調整放假日,
20201003,2020,,是,星期六、星期日,
20201004,2020,,是,星期六、星期日,
20201009,2020,,是,補假,
20201010,2020,國慶日,是,放假之紀念日及節日,全國各機關學校放假一日，適逢星期六，於十月九日補假一日。
20201011,2020,,是,星期六、星期日,
20201017,2020,,是,星期六、星期日,
20201018,2020,,是,星期六、星期日,
20201024,2020,,是,星期六、星期日,
20201025,2020,,是,星期六、星期日,
20201031,2020,,是,星期六、星期日,
20201101,2020,,是,星期六、星期日,
20201107,2020,,是,星期六、星期日,
20201108,2020,,是,星期六、星期日,
20201114,2020,,是,星期六、星期日,
20201115,2020,,是,星期六、星期日,
20201121,2020,,是,星期六、星期日,
20201122,2020,,是,星期六、星期日,
20201128,2020,,是,星期六、星期日,
20201129,2020,,是,星期六、星期日,
20201205,2020,,是,星期六、星期日,
20201206,2020,,是,星期六、星期日,
20201212,2020,,是,星期六、星期日,
20201213,2020,,是,星期六、星期日,
20201219,2020,,是,星期六、星期日,
20201220,2020,,是,星期六、星期日,
20201226,2020,,是,星期六、星期日,
20201227,2020,,是,星期六、星期日,
20210101,2021,中華民國開國紀念日,是,放假之紀念日及節日,全國各機關學校放假一日
20210102,2021,,是,星期六、星期日,
20210103,2021,,是,星期六、星期日,
20210109,2021,,是,星期六、星期日,
20210110,2021,,是,星期六、星期日,
20210116,2021,,是,星期六、星期日,
20210117,2021,,是,星期六、星期日,
20210123,2021,,是,星期六、星期日,
20210124,2021,,是,星期六、星期日,
20210130,2021,,是,星期六、星期日,
20210131,2021,,是,星期六、星期日,
20210206,2021,,是,星期六、星期日,
20210207,2021,,是,星期六、星期日,
20210210,2021,,是,調整放假日,
20210211,2021,農曆除夕,是,放假之紀念日及節日,全國各機關學校放假一日，前一日(二月十日)功能性調整放假，並於二月二十日補行上班一日。
20210212,2021,春節,是,放假之紀念日及節日,全國各機關學校於二月十二日至二月十四日放假三日，其中春節初二、初三適逢星期六、星期日，分別於二月十五日及二月十六日各補假一日。
20210213,2021,春節,是,放假之紀念日及節日,
20210214,2021,春節,是,放假之紀念日及節日,
20210215,2021,,是,補假,
20210216,2021,,是,補假,
20210220,2021,,否,補行上班日,
20210221,2021,,是,星期六、星期日,
20210227,2021,,是,星期六、星期日,
20210228,2021,和平紀念日,是,放假之紀念日及節日,全國各機關學校放假一日，適逢星期日，於三月一日補假一日。
20210301,2021,,是,補假,
20210306,2021,,是,星期六、星期日,
20210307,2021,,是,星期六、星期日,
20210313,2021,,是,星期六、星期日,
20210314,2021,,是,星期六、星期日,
20210320,2021,,是,星期六、星期日,
20210321,2021,,是,星期六、星期日,
20210327,2021,,是,星期六、星期日,
20210328,2021,,是,星期六、星期日,
20210402,2021,,是,補假,
20210403,2021,,是,放假之紀念日及節日,
20210404,2021,兒童節、民族掃墓節（清明節）,是,放假之紀念日及節日,全國各機關學校放假一日，兒童節與民族掃墓節同一日且逢星期日，分別於四月二日及四月五日各補假一日。
20210405,2021,,是,補假,
20210410,2021,,是,星期六、星期日,
20210411,2021,,是,星期六、星期日,
20210417,2021,,是,星期六、星期日,
20210418,2021,,是,星期六、星期日,
20210424,2021,,是,星期六、星期日,
20210425,2021,,是,星期六、星期日,
20210501,2021,勞動節,是,特定節日,勞工放假一日。
20210502,2021,,是,星期六、星期日,
20210508,2021,,是,星期六、星期日,
20210509,2021,,是,星期六、星期日,
20210515,2021,,是,星期六、星期日,
20210516,2021,,是,星期六、星期日,
20210522,2021,,是,星期六、星期日,
20210523,2021,,是,星期六、星期日,
20210529,2021,,是,星期六、星期日,
20210530,2021,,是,星期六、星期日,
20210605,2021,,是,星期六、星期日,
20210606,2021,,是,星期六、星期日,
20210612,2021,,是,星期六、星期日,
20210613,2021,,是,星期六、星期日,
20210614,2021,端午節,是,放假之紀念日及節日,全國各機關學校放假一日。
20210619,2021,,是,星期六、星期日,
20210620,2021,,是,星期六、星期日,
20210626,2021,,是,星期六、星期日,
20210627,2021,,是,星期六、星期日,
20210703,2021,,是,星期六、星期日,
20210704,2021,,是,星期六、星期日,
20210710,2021,,是,星期六、星期日,
20210711,2021,,是,星期六、星期日,
20210717,2021,,是,星期六、星期日,
20210718,2021,,是,星期六、星期日,
20210724,2021,,是,星期六、星期日,
20210725,2021,,是,星期六、星期日,
20210731,2021,,是,星期六、星期日,
20210801,2021,,是,星期六、星期日,
20210807,2021,,是,星期六、星期日,
20210808,2021,,是,星期六、星期日,
20210814,2021,,是,星期六、星期日,
20210815,2021,,是,星期六、星期日,
20210821,2021,,是,星期六、星期日,
20210822,2021,,是,星期六、星期日,
20210828,2021,,是,星期六、星期日,
20210829,2021,,是,星期六、星期日,
20210903,2021,軍人節,是,特定節日,軍人依國防部規定辦理。
20210904,2021,,是,星期六、星期日,
20210905,2021,,是,星期六、星期日,
20210911,2021,,否,補行上班日,
20210912,2021,,是,星期六、星期日,
20210918,2021,,是,星期六、星期日,
20210919,2021,,是,星期六、星期日,
20210920,2021,,是,調整放假日,
20210921,2021,中秋節,是,放假之紀念日及節日,全國各機關學校放假一日，適逢星期二，調整九月二十日為放假日，並於九月十一日補行上班一日。
20210925,2021,,是,星期六、星期日,
20210926,2021,,是,星期六、星期日,
20211002,2021,,是,星期六、星期日,
20211003,2021,,是,星期六、星期日,
20211009,2021,,是,星期六、星期日,
20211010,2021,國慶日,是,放假之紀念日及節日,全國各機關學校放假一日，適逢星期日，於十月十一日補假一日。
20211011,2021,,是,補假,
20211016,2021,,是,星期六、星期日,
20211017,2021,,是,星期六、星期日,
20211023,2021,,是,星期六、星期日,
20211024,2021,,是,星期六、星期日,
20211030,2021,,是,星期六、星期日,
20211031,2021,,是,星期六、星期日,
20211106,2021,,是,星期六、星期日,
20211107,2021,,是,星期六、星期日,
20211113,2021,,是,星期六、星期日,
20211114,2021,,是,星期六、星期日,
20211120,2021,,是,星期六、星期日,
20211121,2021,,是,星期六、星期日,
20211127,2021,,是,星期六、星期日,
20211128,2021,,是,星期六、星期日,
20211204,2021,,是,星期六、星期日,
20211205,2021,,是,星期六、星期日,
20211211,2021,,是,星期六、星期日,
20211212,2021,,是,星期六、星期日,
20211218,2021,,是,星期六、星期日,
20211219,2021,,是,星期六、星期日,
20211225,2021,,是,星期六、星期日,
20211226,2021,,是,星期六、星期日,
20211231,2021,,是,補假,
20220101,2022,中華民國開國紀念日,是,放假之紀念日及節日,全國各機關學校放假一日，適逢星期六，於一一○年十二月三十一日補假一日。
20220102,2022,,是,星期六、星期日,
20220108,2022,,是,星期六、星期日,
20220109,2022,,是,星期六、星期日,
20220115,2022,,是,星期六、星期日,
20220116,2022,,是,星期六、星期日,
20220122,2022,,否,補行上班日,
20220123,2022,,是,星期六、星期日,
20220129,2022,,是,星期六、星期日,
20220130,2022,,是,星期六、星期日,
20220131,2022,農曆除夕,是,放假之紀念日及節日,全國各機關學校放假一日。
20220201,2022,春節,是,放假之紀念日及節日,全國各機關學校於二月一日至二月三日放假三日，其中春節初三(二月三日)適逢星期四，調整二月四日為放假日，並於一月二十二日補行上班一日。
20220202,2022,春節,是,放假之紀念日及節日,
20220203,2022,春節,是,放假之紀念日及節日,
20220204,2022,,是,調整放假日,
20220205,2022,,是,星期六、星期日,
20220206,2022,,是,星期六、星期日,
20220212,2022,,是,星期六、星期日,
20220213,2022,,是,星期六、星期日,
20220219,2022,,是,星期六、星期日,
20220220,2022,,是,星期六、星期日,
20220226,2022,,是,星期六、星期日,
20220227,2022,,是,星期六、星期日,
20220228,2022,和平紀念日,是,放假之紀念日及節日,全國各機關學校放假一日。
20220305,2022,,是,星期六、星期日,
20220306,2022,,是,星期六、星期日,
20220312,2022,,是,星期六、星期日,
20220313,2022,,是,星期六、星期日,
20220319,2022,,是,星期六、星期日,
20220320,2022,,是,星期六、星期日,
20220326,2022,,是,星期六、星期日,
20220327,2022,,是,星期六、星期日,
20220402,2022,,是,星期六、星期日,
20220403,2022,,是,星期六、星期日,
20220404,2022,兒童節,是,放假之紀念日及節日,全國各機關學校放假一日。
20220405,2022,民族掃墓節（清明節）,是,放假之紀念日及節日,全國各機關學校放假一日。
20220409,2022,,是,星期六、星期日,
20220410,2022,,是,星期六、星期日,
20220416,2022,,是,星期六、星期日,
20220417,2022,,是,星期六、星期日,
20220423,2022,,是,星期六、星期日,
20220424,2022,,是,星期六、星期日,
20220430,2022,,是,星期六、星期日,
20220501,2022,勞動節,是,特定節日,勞工放假一日。
20220507,2022,,是,星期六、星期日,
20220508,2022,,是,星期六、星期日,
20220514,2022,,是,星期六、星期日,
20220515,2022,,是,星期六、星期日,
20220521,2022,,是,星期六、星期日,
20220522,2022,,是,星期六、星期日,
20220528,2022,,是,星期六、星期日,
20220529,2022,,是,星期六、星期日,
20220603,2022,端午節,是,放假之紀念日及節日,全國各機關學校放假一日。
20220604,2022,,是,星期六、星期日,
20220605,2022,,是,星期六、星期日,
20220611,2022,,是,星期六、星期日,
20220612,2022,,是,星期六、星期日,
20220618,2022,,是,星期六、星期日,
20220619,2022,,是,星期六、星期日,
20220625,2022,,是,星期六、星期日,
20220626,2022,,是,星期六、星期日,
20220702,2022,,是,星期六、星期日,
20220703,2022,,是,星期六、星期日,
20220709,2022,,是,星期六、星期日,
20220710,2022,,是,星期六、星期日,
20220716,2022,,是,星期六、星期日,
20220717,2022,,是,星期六、星期日,
20220723,2022,,是,星期六、星期日,
20220724,2022,,是,星期六、星期日,
20220730,2022,,是,星期六、星期日,
20220731,2022,,是,星期六、星期日,
20220806,2022,,是,星期六、星期日,
20220807,2022,,是,星期六、星期日,
20220813,2022,,是,星期六、星期日,
20220814,2022,,是,星期六、星期日,
20220820,2022,,是,星期六、星期日,
20220821,2022,,是,星期六、星期日,
20220827,2022,,是,星期六、星期日,
20220828,2022,,是,星期六、星期日,
20220903,2022,軍人節,是,特定節日,軍人依國防部規定辦理。
20220904,2022,,是,星期六、星期日,
20220909,2022,,是,補假,
20220910,2022,中秋節,是,放假之紀念日及節日,全國各機關學校放假一日，適逢星期六，於九月九日補假一日。
20220911,2022,,是,星期六、星期日,
20220917,2022,,是,星期六、星期日,
20220918,2022,,是,星期六、星期日,
20220924,2022,,是,星期六、星期日,
20220925,2022,,是,星期六、星期日,
20221001,2022,,是,星期六、星期日,
20221002,2022,,是,星期六、星期日,
20221008,2022,,是,星期六、星期日,
20221009,2022,,是,星期六、星期日,
20221010,2022,國慶日,是,放假之紀念日及節日,全國各機關學校放假一日。
20221015,2022,,是,星期六、星期日,
20221016,2022,,是,星期六、星期日,
20221022,2022,,是,星期六、星期日,
20221023,2022,,是,星期六、星期日,
20221029,2022,,是,星期六、星期日,
20221030,2022,,是,星期六、星期日,
20221105,2022,,是,星期六、星期日,
20221106,2022,,是,星期六、星期日,
20221112,2022,,是,星期六、星期日,
20221113,2022,,是,星期六、星期日,
20221119,2022,,是,星期六、星期日,
20221120,2022,,是,星期六、星期日,
20221126,2022,,是,星期六、星期日,
20221127,2022,,是,星期六、星期日,
20221203,2022,,是,星期六、星期日,
20221204,2022,,是,星期六、星期日,
20221210,2022,,是,星期六、星期日,
20221211,2022,,是,星期六、星期日,
20221217,2022,,是,星期六、星期日,
20221218,2022,,是,星期六、星期日,
20221224,2022,,是,星期六、星期日,
20221225,2022,,是,星期六、星期日,
20221231,2022,,是,星期六、星期日,
20230101,2023,中華民國開國紀念日,是,放假之紀念日及節日,全國各機關學校放假一日，適逢星期日，於一月二日補假一日。
20230102,2023,,是,補假,
20230107,2023,,否,補行上班日,
20230108,2023,,是,星期六、星期日,
20230114,2023,,是,星期六、星期日,
20230115,2023,,是,星期六、星期日,
20230120,2023,,是,調整放假日,
20230121,2023,農曆除夕,是,放假之紀念日及節日,全國各機關學校放假一日，適逢星期六，於一月二十五日補假一日；小年夜(一月二十日)適逢星期五，調整為放假日，並於一月七日補行上班一日。
20230122,2023,春節,是,放假之紀念日及節日,全國各機關學校於一月二十二日至一月二十四日放假三日，其中春節初一適逢星期日，於一月二十六日補假一日；一月二十七日調整放假，並於二月四日補行上班一日。
20230123,2023,春節,是,放假之紀念日及節日,
20230124,2023,春節,是,放假之紀念日及節日,
20230125,2023,,是,補假,
20230126,2023,,是,補假,
20230127,2023,,是,調整放假日,
20230128,2023,,是,星期六、星期日,
20230129,2023,,是,星期六、星期日,
20230204,2023,,否,補行上班日,
20230205,2023,,是,星期六、星期日,
20230211,2023,,是,星期六、星期日,
20230212,2023,,是,星期六、星期日,
20230218,2023,,否,補行上班日,
20230219,2023,,是,星期六、星期日,
20230225,2023,,是,星期六、星期日,
20230226,2023,,是,星期六、星期日,
20230227,2023,,是,調整放假日,
20230228,2023,和平紀念日,是,放假之紀念日及節日,全國各機關學校放假一日，適逢星期二，調整二月二十七日為放假日，並於二月十八日補行上班一日。
20230304,2023,,是,星期六、星期日,
20230305,2023,,是,星期六、星期日,
20230311,2023,,是,星期六、星期日,
20230312,2023,,是,星期六、星期日,
20230318,2023,,是,星期六、星期日,
20230319,2023,,是,星期六、星期日,
20230325,2023,,否,補行上班日,
20230326,2023,,是,星期六、星期日,
20230401,2023,,是,星期六、星期日,
20230402,2023,,是,星期六、星期日,
20230403,2023,,是,調整放假日,
20230404,2023,兒童節,是,放假之紀念日及節日,全國各機關學校放假一日，適逢星期二，調整四月三日為放假日，並於三月二十五日補行上班一日。
20230405,2023,民族掃墓節（清明節）,是,放假之紀念日及節日,全國各機關學校放假一日。
20230408,2023,,是,星期六、星期日,
20230409,2023,,是,星期六、星期日,
20230415,2023,,是,星期六、星期日,
20230416,2023,,是,星期六、星期日,
20230422,2023,,是,星期六、星期日,
20230423,2023,,是,星期六、星期日,
20230429,2023,,是,星期六、星期日,
20230430,2023,,是,星期六、星期日,
20230501,2023,勞動節,是,特定節日,勞工放假一日。
20230506,2023,,是,星期六、星期日,
20230507,2023,,是,星期六、星期日,
20230513,2023,,是,星期六、星期日,
20230514,2023,,是,星期六、星期日,
20230520,2023,,是,星期六、星期日,
20230521,2023,,是,星期六、星期日,
20230527,2023,,是,星期六、星期日,
20230528,2023,,是,星期六、星期日,
20230603,2023,,是,星期六、星期日,
20230604,2023,,是,星期六、星期日,
20230610,2023,,是,星期六、星期日,
20230611,2023,,是,星期六、星期日,
20230617,2023,,否,補行上班日,
20230618,2023,,是,星期六、星期日,
20230622,2023,端午節,是,放假之紀念日及節日,全國各機關學校放假一日，適逢星期四，調整六月二十三日為放假日，並於六月十七日補行上班一日。
20230623,2023,,是,調整放假日,
20230624,2023,,是,星期六、星期日,
20230625,2023,,是,星期六、星期日,
20230701,2023,,是,星期六、星期日,
20230702,2023,,是,星期六、星期日,
20230708,2023,,是,星期六、星期日,
20230709,2023,,是,星期六、星期日,
20230715,2023,,是,星期六、星期日,
20230716,2023,,是,星期六、星期日,
20230722,2023,,是,星期六、星期日,
20230723,2023,,是,星期六、星期日,
20230729,2023,,是,星期六、星期日,
20230730,2023,,是,星期六、星期日,
20230805,2023,,是,星期六、星期日,
20230806,2023,,是,星期六、星期日,
20230812,2023,,是,星期六、星期日,
20230813,2023,,是,星期六、星期日,
20230819,2023,,是,星期六、星期日,
20230820,2023,,是,星期六、星期日,
20230826,2023,,是,星期六、星期日,
20230827,2023,,是,星期六、星期日,
20230902,2023,,是,星期六、星期日,
20230903,2023,軍人節,是,特定節日,軍人依國防部規定辦理。
20230909,2023,,是,星期六、星期日,
20230910,2023,,是,星期六、星期日,
20230916,2023,,是,星期六、星期日,
20230917,2023,,是,星期六、星期日,
20230923,2023,,否,補行上班日,
20230924,2023,,是,星期六、星期日,
20230929,2023,中秋節,是,放假之紀念日及節日,全國各機關學校放假一日。
20230930,2023,,是,星期六、星期日,
20231001,2023,,是,星期六、星期日,
20231007,2023,,是,星期六、星期日,
20231008,2023,,是,星期六、星期日,
20231009,2023,,是,調整放假日,
20231010,2023,國慶日,是,放假之紀念日及節日,全國各機關學校放假一日，適逢星期二，調整十月九日為放假日，並於九月二十三日補行上班一日。
20231014,2023,,是,星期六、星期日,
20231015,2023,,是,星期六、星期日,
20231021,2023,,是,星期六、星期日,
20231022,2023,,是,星期六、星期日,
20231028,2023,,是,星期六、星期日,
20231029,2023,,是,星期六、星期日,
20231104,2023,,是,星期六、星期日,
20231105,2023,,是,星期六、星期日,
20231111,2023,,是,星期六、星期日,
20231112,2023,,是,星期六、星期日,
20231118,2023,,是,星期六、星期日,
20231119,2023,,是,星期六、星期日,
20231125,2023,,是,星期六、星期日,
20231126,2023,,是,星期六、星期日,
20231202,2023,,是,星期六、星期日,
20231203,2023,,是,星期六、星期日,
20231209,2023,,是,星期六、星期日,
20231210,2023,,是,星期六、星期日,
20231216,2023,,是,星期六、星期日,
20231217,2023,,是,星期六、星期日,
20231223,2023,,是,星期六、星期日,
20231224,2023,,是,星期六、星期日,
20231230,2023,,是,星期六、星期日,
20231231,2023,,是,星期六、星期日,
20240101,2024,中華民國開國紀念日,是,放假之紀念日及節日,全國各機關學校放假一日。
20240106,2024,,是,星期六、星期日,
20240107,2024,,是,星期六、星期日,
20240113,2024,,是,星期六、星期日,
20240114,2024,,是,星期六、星期日,
20240120,2024,,是,星期六、星期日,
20240121,2024,,是,星期六、星期日,
20240127,2024,,是,星期六、星期日,
20240128,2024,,是,星期六、星期日,
20240203,2024,,是,星期六、星期日,
20240204,2024,,是,星期六、星期日,
20240208,2024,,是,調整放假日,全國各機關學校放假一日，小年夜(二月八日)適逢星期四，調整為放假日，並於二月十七日補行上班一日。
20240209,2024,農曆除夕,是,放假之紀念日及節日,
20240210,2024,春節,是,放假之紀念日及節日,全國各機關學校於二月十日至二月十二日放假三日，其中春節初一、初二適逢星期六、星期日，分別於二月十三日及二月十四日各補假一日。
20240211,2024,春節,是,放假之紀念日及節日,
20240212,2024,春節,是,放假之紀念日及節日,
20240213,2024,,是,補假,
20240214,2024,,是,補假,
20240217,2024,,否,補行上班日,
20240218,2024,,是,星期六、星期日,
20240224,2024,,是,星期六、星期日,
20240225,2024,,是,星期六、星期日,
20240228,2024,和平紀念日,是,放假之紀念日及節日,全國各機關學校放假一日。
20240302,2024,,是,星期六、星期日,
20240303,2024,,是,星期六、星期日,
20240309,2024,,是,星期六、星期日,
20240310,2024,,是,星期六、星期日,
20240316,2024,,是,星期六、星期日,
20240317,2024,,是,星期六、星期日,
20240323,2024,,是,星期六、星期日,
20240324,2024,,是,星期六、星期日,
20240330,2024,,是,星期六、星期日,
20240331,2024,,是,星期六、星期日,
20240404,2024,兒童節及民族掃墓節,是,放假之紀念日及節日,全國各機關學校放假一日，兒童節與民族掃墓節同一日，於四月五日補假一日。
20240405,2024,,是,補假,
20240406,2024,,是,星期六、星期日,
20240407,2024,,是,星期六、星期日,
20240413,2024,,是,星期六、星期日,
20240414,2024,,是,星期六、星期日,
20240420,2024,,是,星期六、星期日,
20240421,2024,,是,星期六、星期日,
20240427,2024,,是,星期六、星期日,
20240428,2024,,是,星期六、星期日,
20240501,2024,勞動節,是,特定節日,勞工放假一日。
20240504,2024,,是,星期六、星期日,
20240505,2024,,是,星期六、星期日,
20240511,2024,,是,星期六、星期日,
20240512,2024,,是,星期六、星期日,
20240518,2024,,是,星期六、星期日,
20240519,2024,,是,星期六、星期日,
20240525,2024,,是,星期六、星期日,
20240526,2024,,是,星期六、星期日,
20240601,2024,,是,星期六、星期日,
20240602,2024,,是,星期六、星期日,
20240608,2024,,是,星期六、星期日,
20240609,2024,,是,星期六、星期日,
20240610,2024,端午節,是,放假之紀念日及節日,全國各機關學校放假一日。
20240615,2024,,是,星期六、星期日,
20240616,2024,,是,星期六、星期日,
20240622,2024,,是,星期六、星期日,
20240623,2024,,是,星期六、星期日,
20240629,2024,,是,星期六、星期日,
20240630,2024,,是,星期六、星期日,
20240706,2024,,是,星期六、星期日,
20240707,2024,,是,星期六、星期日,
20240713,2024,,是,星期六、星期日,
20240714,2024,,是,星期六、星期日,
20240720,2024,,是,星期六、星期日,
20240721,2024,,是,星期六、星期日,
20240727,2024,,是,星期六、星期日,
20240728,2024,,是,星期六、星期日,
20240803,2024,,是,星期六、星期日,
20240804,2024,,是,星期六、星期日,
20240810,2024,,是,星期六、星期日,
20240811,2024,,是,星期六、星期日,
20240817,2024,,是,星期六、星期日,
20240818,2024,,是,星期六、星期日,
20240824,2024,,是,星期六、星期日,
20240825,2024,,是,星期六、星期日,
20240831,2024,,是,星期六、星期日,
20240901,2024,,是,星期六、星期日,
20240903,2024,軍人節,是,特定節日,軍人依國防部規定辦理。
20240907,2024,,是,星期六、星期日,
20240908,2024,,是,星期六、星期日,
20240914,2024,,是,星期六、星期日,
20240915,2024,,是,星期六、星期日,
20240917,2024,中秋節,是,放假之紀念日及節日,全國各機關學校放假一日。
20240921,2024,,是,星期六、星期日,
20240922,2024,,是,星期六、星期日,
20240928,2024,,是,星期六、星期日,
20240929,2024,,是,星期六、星期日,
20241005,2024,,是,星期六、星期日,
20241006,2024,,是,星期六、星期日,
20241010,2024,國慶日,是,放假之紀念日及節日,全國各機關學校放假一日。
20241012,2024,,是,星期六、星期日,
20241013,2024,,是,星期六、星期日,
20241019,2024,,是,星期六、星期日,
20241020,2024,,是,星期六、星期日,
20241026,2024,,是,星期六、星期日,
20241027,2024,,是,星期六、星期日,
20241102,2024,,是,星期六、星期日,
20241103,2024,,是,星期六、星期日,
20241109,2024,,是,星期六、星期日,
20241110,2024,,是,星期六、星期日,
20241116,2024,,是,星期六、星期日,
20241117,2024,,是,星期六、星期日,
20241123,2024,,是,星期六、星期日,
20241124,2024,,是,星期六、星期日,
20241130,2024,,是,星期六、星期日,
20241201,2024,,是,星期六、星期日,
20241207,2024,,是,星期六、星期日,
20241208,2024,,是,星期六、星期日,
20241214,2024,,是,星期六、星期日,
20241215,2024,,是,星期六、星期日,
20241221,2024,,是,星期六、星期日,
20241222,2024,,是,星期六、星期日,
20241228,2024,,是,星期六、星期日,
20241229,2024,,是,星期六、星期日,
20250101,2025,中華民國開國紀念日,是,放假之紀念日及節日,全國各機關學校放假一日。
20250104,2025,,是,星期六、星期日,
20250105,2025,,是,星期六、星期日,
20250111,2025,,是,星期六、星期日,
20250112,2025,,是,星期六、星期日,
20250118,2025,,是,星期六、星期日,
20250119,2025,,是,星期六、星期日,
20250125,2025,,是,星期六、星期日,
20250126,2025,,是,星期六、星期日,
20250127,2025,,是,調整放假日,全國各機關學校放假一日，小年夜(一月二十七日)適逢星期一，調整為放假日，並於二月八日補行上班一日。
20250128,2025,農曆除夕,是,放假之紀念日及節日,
20250129,2025,春節,是,放假之紀念日及節日,
20250130,2025,春節,是,放假之紀念日及節日,
20250131,2025,春節,是,放假之紀念日及節日,
20250201,2025,,是,星期六、星期日,
20250202,2025,,是,星期六、星期日,
20250208,2025,,否,補行上班日,
20250209,2025,,是,星期六、星期日,
20250215,2025,,是,星期六、星期日,
20250216,2025,,是,星期六、星期日,
20250222,2025,,是,星期六、星期日,
20250223,2025,,是,星期六、星期日,
20250228,2025,和平紀念日,是,放假之紀念日及節日,全國各機關學校放假一日。
20250301,2025,,是,星期六、星期日,
20250302,2025,,是,星期六、星期日,
20250308,2025,,是,星期六、星期日,
20250309,2025,,是,星期六、星期日,
20250315,2025,,是,星期六、星期日,
20250316,2025,,是,星期六、星期日,
20250322,2025,,是,星期六、星期日,
20250323,2025,,是,星期六、星期日,
20250329,2025,,是,星期六、星期日,
20250330,2025,,是,星期六、星期日,
20250403,2025,,是,補假,
20250404,2025,兒童節及民族掃墓節,是,放假之紀念日及節日,全國各機關學校放假一日，兒童節與民族掃墓節同一日，於四月三日補假一日。
20250405,2025,,是,星期六、星期日,
20250406,2025,,是,星期六、星期日,
20250412,2025,,是,星期六、星期日,
20250413,2025,,是,星期六、星期日,
20250419,2025,,是,星期六、星期日,
20250420,2025,,是,星期六、星期日,
20250426,2025,,是,星期六、星期日,
20250427,2025,,是,星期六、星期日,
20250501,2025,勞動節,是,特定節日,勞工放假一日。
20250503,2025,,是,星期六、星期日,
20250504,2025,,是,星期六、星期日,
20250510,2025,,是,星期六、星期日,
20250511,2025,,是,星期六、星期日,
20250517,2025,,是,星期六、星期日,
20250518,2025,,是,星期六、星期日,
20250524,2025,,是,星期六、星期日,
20250525,2025,,是,星期六、星期日,
20250530,2025,,是,補假,
20250531,2025,端午節,是,放假之紀念日及節日,全國各機關學校放假一日。
20250601,2025,,是,星期六、星期日,
20250607,2025,,是,星期六、星期日,
20250608,2025,,是,星期六、星期日,
20250614,2025,,是,星期六、星期日,
20250615,2025,,是,星期六、星期日,
20250621,2025,,是,星期六、星期日,
20250622,2025,,是,星期六、星期日,
20250628,2025,,是,星期六、星期日,
20250629,2025,,是,星期六、星期日,
20250705,2025,,是,星期六、星期日,
20250706,2025,,是,星期六、星期日,
20250712,2025,,是,星期六、星期日,
20250713,2025,,是,星期六、星期日,
20250719,2025,,是,星期六、星期日,
20250720,2025,,是,星期六、星期日,
20250726,2025,,是,星期六、星期日,
20250727,2025,,是,星期六、星期日,
20250802,2025,,是,星期六、星期日,
20250803,2025,,是,星期六、星期日,
20250809,2025,,是,星期六、星期日,
20250810,2025,,是,星期六、星期日,
20250816,2025,,是,星期六、星期日,
20250817,2025,,是,星期六、星期日,
20250823,2025,,是,星期六、星期日,
20250824,2025,,是,星期六、星期日,
20250830,2025,,是,星期六、星期日,
20250831,2025,,是,星期六、星期日,
20250903,2025,軍人節,是,特定節日,軍人依國防部規定辦理。
20250906,2025,,是,星期六、星期日,
20250907,2025,,是,星期六、星期日,
20250913,2025,,是,星期六、星期日,
20250914,2025,,是,星期六、星期日,
20250920,2025,,是,星期六、星期日,
20250921,2025,,是,星期六、星期日,
20250927,2025,,是,星期六、星期日,
20250928,2025,,是,放假之紀念日及節日,
20250929,2025,,是,補假,9/28（日）假日，於9/29（一）補假一日
20251004,2025,,是,星期六、星期日,
20251005,2025,,是,星期六、星期日,
20251006,2025,中秋節,是,放假之紀念日及節日,全國各機關學校放假一日。
20251010,2025,國慶日,是,放假之紀念日及節日,全國各機關學校放假一日。
20251011,2025,,是,星期六、星期日,
20251012,2025,,是,星期六、星期日,
20251018,2025,,是,星期六、星期日,
20251019,2025,,是,星期六、星期日,
20251024,2025,,是,補假,光復暨金門古寧頭大捷紀念日適逢星期六，則於前一日10/24(五)補假一日
20251025,2025,,是,放假之紀念日及節日,
20251026,2025,,是,星期六、星期日,
20251101,2025,,是,星期六、星期日,
20251102,2025,,是,星期六、星期日,
20251108,2025,,是,星期六、星期日,
20251109,2025,,是,星期六、星期日,
20251115,2025,,是,星期六、星期日,
20251116,2025,,是,星期六、星期日,
20251122,2025,,是,星期六、星期日,
20251123,2025,,是,星期六、星期日,
20251129,2025,,是,星期六、星期日,
20251130,2025,,是,星期六、星期日,
20251206,2025,,是,星期六、星期日,
20251207,2025,,是,星期六、星期日,
20251213,2025,,是,星期六、星期日,
20251214,2025,,是,星期六、星期日,
20251220,2025,,是,星期六、星期日,
20251221,2025,,是,星期六、星期日,
20251225,2025,行憲紀念日,是,放假之紀念日及節日,全國各機關學校放假一日。
20251227,2025,,是,星期六、星期日,
20251228,2025,,是,星期六、星期日,
20260101,2026,中華民國開國紀念日,是,放假之紀念日及節日,全國各機關學校放假一日。
20260103,2026,,是,星期六、星期日,
20260104,2026,,是,星期六、星期日,
20260110,2026,,是,星期六、星期日,
20260111,2026,,是,星期六、星期日,
20260117,2026,,是,星期六、星期日,
20260118,2026,,是,星期六、星期日,
20260124,2026,,是,星期六、星期日,
20260125,2026,,是,星期六、星期日,
20260131,2026,,是,星期六、星期日,
20260201,2026,,是,星期六、星期日,
20260207,2026,,是,星期六、星期日,
20260208,2026,,是,星期六、星期日,
20260214,2026,,是,星期六、星期日,
20260215,2026,,是,星期六、星期日,小年夜逢例假日，於2/20（五）補假一日
20260216,2026,除夕,是,放假之紀念日及節日,
20260217,2026,春節,是,放假之紀念日及節日,
20260218,2026,春節,是,放假之紀念日及節日,
20260219,2026,春節,是,放假之紀念日及節日,
20260220,2026,春節,是,補假,補假一日
20260221,2026,,是,星期六、星期日,
20260222,2026,,是,星期六、星期日,
20260227,2026,,是,補假,和平紀念日逢例假日，於2/27（五）補假一日
20260228,2026,和平紀念日,是,放假之紀念日及節日,
20260301,2026,,是,星期六、星期日,
20260307,2026,,是,星期六、星期日,
20260308,2026,,是,星期六、星期日,
20260314,2026,,是,星期六、星期日,
20260315,2026,,是,星期六、星期日,
20260321,2026,,是,星期六、星期日,
20260322,2026,,是,星期六、星期日,
20260328,2026,,是,星期六、星期日,
20260329,2026,,是,星期六、星期日,
20260403,2026,,是,補假,
20260404,2026,兒童節,是,放假之紀念日及節日,全國各機關學校放假一日，4/4（六）兒童節逢例假日，於4/3（五）補假一日。
20260405,2026,民族掃墓節,是,放假之紀念日及節日,4/5（日）清明節逢例假日，於4/6（一）補假一日
20260406,2026,,是,補假,
20260411,2026,,是,星期六、星期日,
20260412,2026,,是,星期六、星期日,
20260418,2026,,是,星期六、星期日,
20260419,2026,,是,星期六、星期日,
20260425,2026,,是,星期六、星期日,
20260426,2026,,是,星期六、星期日,
20260501,2026,勞動節,是,特定節日,全國各機關學校及勞工放假一日。
20260502,2026,,是,星期六、星期日,
20260503,2026,,是,星期六、星期日,
20260509,2026,,是,星期六、星期日,
20260510,2026,,是,星期六、星期日,
20260516,2026,,是,星期六、星期日,
20260517,2026,,是,星期六、星期日,
20260523,2026,,是,星期六、星期日,
20260524,2026,,是,星期六、星期日,
20260530,2026,,是,星期六、星期日,
20260531,2026,,是,星期六、星期日,
20260606,2026,,是,星期六、星期日,
20260607,2026,,是,星期六、星期日,
20260613,2026,,是,星期六、星期日,
20260614,2026,,是,星期六、星期日,
20260619,2026,端午節,是,放假之紀念日及節日,全國各機關學校放假一日。
20260620,2026,,是,星期六、星期日,
20260621,2026,,是,星期六、星期日,
20260627,2026,,是,星期六、星期日,
20260628,2026,,是,星期六、星期日,
20260704,2026,,是,星期六、星期日,
20260705,2026,,是,星期六、星期日,
20260711,2026,,是,星期六、星期日,
20260712,2026,,是,星期六、星期日,
20260718,2026,,是,星期六、星期日,
20260719,2026,,是,星期六、星期日,
20260725,2026,,是,星期六、星期日,
20260726,2026,,是,星期六、星期日,
20260801,2026,,是,星期六、星期日,
20260802,2026,,是,星期六、星期日,
20260808,2026,,是,星期六、星期日,
20260809,2026,,是,星期六、星期日,
20260815,2026,,是,星期六、星期日,
20260816,2026,,是,星期六、星期日,
20260822,2026,,是,星期六、星期日,
20260823,2026,,是,星期六、星期日,
20260829,2026,,是,星期六、星期日,
20260830,2026,,是,星期六、星期日,
20260903,2026,軍人節,是,特定節日,軍人依國防部規定辦理。
20260905,2026,,是,星期六、星期日,
20260906,2026,,是,星期六、星期日,
20260912,2026,,是,星期六、星期日,
20260913,2026,,是,星期六、星期日,
20260919,2026,,是,星期六、星期日,
20260920,2026,,是,星期六、星期日,
20260925,2026,中秋節,是,放假之紀念日及節日,全國各機關學校放假一日。
20260926,2026,,是,星期六、星期日,
20260927,2026,,是,星期六、星期日,
20260928,2026,教師節,是,放假之紀念日及節日,全國各機關學校放假一日。
20261003,2026,,是,星期六、星期日,
20261004,2026,,是,星期六、星期日,
20261009,2026,,是,補假,
20261010,2026,國慶日,是,放假之紀念日及節日,10/10（六）國慶日逢例假日，於10/9（五）補假一日
20261011,2026,,是,星期六、星期日,
20261017,2026,,是,星期六、星期日,
20261018,2026,,是,星期六、星期日,
20261024,2026,,是,星期六、星期日,
20261025,2026,光復節,是,放假之紀念日及節日,10/25（日）台灣光復節逢例假日，於10/26（一）補假一日
20261026,2026,,是,補假,
20261031,2026,,是,星期六、星期日,
20261101,2026,,是,星期六、星期日,
20261107,2026,,是,星期六、星期日,
20261108,2026,,是,星期六、星期日,
20261114,2026,,是,星期六、星期日,
20261115,2026,,是,星期六、星期日,
20261121,2026,,是,星期六、星期日,
20261122,2026,,是,星期六、星期日,
20261128,2026,,是,星期六、星期日,
20261129,2026,,是,星期六、星期日,
20261205,2026,,是,星期六、星期日,
20261206,2026,,是,星期六、星期日,
20261212,2026,,是,星期六、星期日,
20261213,2026,,是,星期六、星期日,
20261219,2026,,是,星期六、星期日,
20261220,2026,,是,星期六、星期日,
20261225,2026,行憲紀念日,是,放假之紀念日及節日,
20261226,2026,,是,星期六、星期日,
20261227,2026,,是,星期六、星期日,
20270101,2027,中華民國開國紀念日,是,放假之紀念日及節日,全國各機關學校放假一日。
20270102,2027,,是,星期六、星期日,
20270103,2027,,是,星期六、星期日,
20270109,2027,,是,星期六、星期日,
20270110,2027,,是,星期六、星期日,
20270116,2027,,是,星期六、星期日,
20270117,2027,,是,星期六、星期日,
20270123,2027,,是,星期六、星期日,
20270124,2027,,是,星期六、星期日,
20270130,2027,,是,星期六、星期日,
20270131,2027,,是,星期六、星期日,
20270204,2027,小年夜,是,放假之紀念日及節日,
20270205,2027,除夕,是,放假之紀念日及節日,
20270206,2027,春節,是,放假之紀念日及節日,全國各機關學校放假一日，適逢星期六，於2月9日補假一日。
20270207,2027,春節,是,放假之紀念日及節日,全國各機關學校放假一日，適逢星期日，於2月10日補假一日。
20270208,2027,春節,是,放假之紀念日及節日,
20270209,2027,春節,是,補假,
20270210,2027,春節,是,補假,
20270213,2027,,是,星期六、星期日,
20270214,2027,,是,星期六、星期日,
20270220,2027,,是,星期六、星期日,
20270221,2027,,是,星期六、星期日,
20270227,2027,,是,星期六、星期日,
20270228,2027,和平紀念日,是,放假之紀念日及節日,全國各機關學校放假一日，適逢星期日，於3月1日補假一日。
20270301,2027,,是,補假,
20270306,2027,,是,星期六、星期日,
20270307,2027,,是,星期六、星期日,
20270313,2027,,是,星期六、星期日,
20270314,2027,,是,星期六、星期日,
20270320,2027,,是,星期六、星期日,
20270321,2027,,是,星期六、星期日,
20270327,2027,,是,星期六、星期日,
20270328,2027,,是,星期六、星期日,
20270403,2027,,是,星期六、星期日,
20270404,2027,兒童節,是,放假之紀念日及節日,全國各機關學校放假一日，適逢星期日，於4月6日補假一日。
20270405,2027,民族掃墓節,是,放假之紀念日及節日,全國各機關學校放假一日。
20270406,2027,,是,補假,
20270410,2027,,是,星期六、星期日,
20270411,2027,,是,星期六、星期日,
20270417,2027,,是,星期六、星期日,
20270418,2027,,是,星期六、星期日,
20270424,2027,,是,星期六、星期日,
20270425,2027,,是,星期六、星期日,
20270430,2027,,是,補假,
20270501,2027,勞動節,是,放假之紀念日及節日,全國各機關學校及勞工放假一日，適逢星期六，於4月30日補假一日。
20270502,2027,,是,星期六、星期日,
20270508,2027,,是,星期六、星期日,
20270509,2027,,是,星期六、星期日,
20270515,2027,,是,星期六、星期日,
20270516,2027,,是,星期六、星期日,
20270522,2027,,是,星期六、星期日,
20270523,2027,,是,星期六、星期日,
20270529,2027,,是,星期六、星期日,
20270530,2027,,是,星期六、星期日,
20270605,2027,,是,星期六、星期日,
20270606,2027,,是,星期六、星期日,
20270609,2027,端午節,是,放假之紀念日及節日,全國各機關學校放假一日。
20270612,2027,,是,星期六、星期日,
20270613,2027,,是,星期六、星期日,
20270619,2027,,是,星期六、星期日,
20270620,2027,,是,星期六、星期日,
20270626,2027,,是,星期六、星期日,
20270627,2027,,是,星期六、星期日,
20270703,2027,,是,星期六、星期日,
20270704,2027,,是,星期六、星期日,
20270710,2027,,是,星期六、星期日,
20270711,2027,,是,星期六、星期日,
20270717,2027,,是,星期六、星期日,
20270718,2027,,是,星期六、星期日,
20270724,2027,,是,星期六、星期日,
20270725,2027,,是,星期六、星期日,
20270731,2027,,是,星期六、星期日,
20270801,2027,,是,星期六、星期日,
20270807,2027,,是,星期六、星期日,
20270808,2027,,是,星期六、星期日,
20270814,2027,,是,星期六、星期日,
20270815,2027,,是,星期六、星期日,
20270821,2027,,是,星期六、星期日,
20270822,2027,,是,星期六、星期日,
20270828,2027,,是,星期六、星期日,
20270829,2027,,是,星期六、星期日,
20270903,2027,軍人節,是,特定節日,軍人依國防部規定辦理。
20270904,2027,,是,星期六、星期日,
20270905,2027,,是,星期六、星期日,
20270911,2027,,是,星期六、星期日,
20270912,2027,,是,星期六、星期日,
20270915,2027,中秋節,是,放假之紀念日及節日,全國各機關學校放假一日。
20270918,2027,,是,星期六、星期日,
20270919,2027,,是,星期六、星期日,
20270925,2027,,是,星期六、星期日,
20270926,2027,,是,星期六、星期日,
20270928,2027,教師節,是,放假之紀念日及節日,全國各機關學校放假一日。
20271002,2027,,是,星期六、星期日,
20271003,2027,,是,星期六、星期日,
20271009,2027,,是,星期六、星期日,
20271010,2027,國慶日,是,放假之紀念日及節日,全國各機關學校放假一日，適逢星期日，於10月11日補假一日。
20271011,2027,,是,補假,
20271016,2027,,是,星期六、星期日,
20271017,2027,,是,星期六、星期日,
20271023,2027,,是,星期六、星期日,
20271024,2027,,是,星期六、星期日,
20271025,2027,臺灣光復暨金門古寧頭大捷紀念日,是,放假之紀念日及節日,全國各機關學校放假一日。
20271030,2027,,是,星期六、星期日,
20271031,2027,,是,星期六、星期日,
20271106,2027,,是,星期六、星期日,
20271107,2027,,是,星期六、星期日,
20271113,2027,,是,星期六、星期日,
20271114,2027,,是,星期六、星期日,
20271120,2027,,是,星期六、星期日,
20271121,2027,,是,星期六、星期日,
20271127,2027,,是,星期六、星期日,
20271128,2027,,是,星期六、星期日,
20271204,2027,,是,星期六、星期日,
20271205,2027,,是,星期六、星期日,
20271211,2027,,是,星期六、星期日,
20271212,2027,,是,星期六、星期日,
20271218,2027,,是,星期六、星期日,
20271219,2027,,是,星期六、星期日,
20271224,2027,,是,補假,
20271225,2027,行憲紀念日,是,放假之紀念日及節日,全國各機關學校放假一日，適逢星期六，於116年12月24日補假一日。
20271226,2027,,是,星期六、星期日,
20271231,2027,,是,補假,
